05/01/2014; MotoVelo; Wheel; 154200
05/01/2014; MotoVelo; Wheel; 27327
05/01/2014; MotoVelo; Wheel; 7373758
05/01/2014; MotoVelo; Wheel; 378373
05/01/2014; MotoVelo; Wheel; 1583734200
05/01/2014; MotoVelo; Wheel; 15428737800
05/01/2014; MotoVelo; Wheel; 1548737800
05/01/2014; MotoVelo; Wheel; 8737837
05/01/2014; MotoVelo; Wheel; 1547837200
05/01/2014; MotoVelo; Wheel; 7373
05/01/2014; MotoVelo; Wheel; 154737200
05/01/2014; MotoVelo; Wheel; 737
05/01/2014; MotoVelo; Wheel; 1547373200
05/01/2014; MotoVelo; Wheel; 737
05/01/2014; MotoVelo; Wheel; 1547373200
05/01/2014; MotoVelo; Wheel; 17275
05/01/2014; MotoVelo; Wheel; 73737
05/01/2014; MotoVelo; Wheel; 73788793
05/01/2014; MotoVelo; Wheel; 73793737
05/01/2014; MotoVelo; Wheel; 3783873727
05/01/2014; MotoVelo; Wheel; 78387373
05/01/2014; MotoVelo; Wheel; 154873737200
05/01/2014; MotoVelo; Wheel; 73873783
05/01/2014; MotoVelo; Wheel; 7373732
05/01/2014; MotoVelo; Wheel; 154783783200
05/01/2014; MotoVelo; Wheel; 1547373200
05/01/2014; MotoVelo; Wheel; 157374200
05/01/2014; MotoVelo; Wheel; 172893
05/01/2014; MotoVelo; Wheel; 175272
05/01/2014; MotoVelo; Wheel; 573753
05/01/2014; MotoVelo; Wheel; 3753734