05/01/2014; St.Pepper; Mushrooms; 154200
05/01/2014; St.Pepper; Mushrooms; 27327
05/01/2014; St.Pepper; Mushrooms; 7373758
05/01/2014; St.Pepper; Mushrooms; 378373
05/01/2014; St.Pepper; Mushrooms; 1583734200
05/01/2014; St.Pepper; Mushrooms; 15428737800
05/01/2014; St.Pepper; Mushrooms; 1548737800
05/01/2014; St.Pepper; Mushrooms; 8737837
05/01/2014; St.Pepper; Mushrooms; 1547837200
05/01/2014; St.Pepper; Mushrooms; 7373
05/01/2014; St.Pepper; Mushrooms; 154737200
05/01/2014; St.Pepper; Mushrooms; 737
05/01/2014; St.Pepper; Mushrooms; 1547373200
05/01/2014; St.Pepper; Mushrooms; 737
05/01/2014; St.Pepper; Mushrooms; 1547373200
05/01/2014; St.Pepper; Mushrooms; 17275
05/01/2014; St.Pepper; Mushrooms; 73737
05/01/2014; St.Pepper; Mushrooms; 73788793
05/01/2014; St.Pepper; Mushrooms; 73793737
05/01/2014; St.Pepper; Mushrooms; 3783873727
05/01/2014; St.Pepper; Mushrooms; 78387373
05/01/2014; St.Pepper; Mushrooms; 154873737200
05/01/2014; St.Pepper; Mushrooms; 73873783
05/01/2014; St.Pepper; Mushrooms; 7373732
05/01/2014; St.Pepper; Mushrooms; 154783783200
05/01/2014; St.Pepper; Mushrooms; 1547373200
05/01/2014; St.Pepper; Mushrooms; 157374200
05/01/2014; St.Pepper; Mushrooms; 172893
05/01/2014; St.Pepper; Mushrooms; 175272
05/01/2014; St.Pepper; Mushrooms; 573753
05/01/2014; St.Pepper; Mushrooms; 3753734